{
  "g": [
    13.8735234, 
    0.05
  ], 
  "i": [
    13.1663488, 
    0.05
  ], 
  "H": [
    11.919, 
    0.02
  ], 
  "K": [
    11.852, 
    0.02
  ], 
  "J": [
    12.263, 
    0.02
  ], 
  "r": [
    13.3370844, 
    0.05
  ], 
  "Kepler": 13.426, 
  "z": [
    13.1029807, 
    0.05
  ]
}